photo_id,tester,date,reading_id,selected_hand,phone_model,camera,lighting,image_quality,palm_shape,expected_outcome,actual_status,detected_hand,detected_conf,hand_warning_shown,hand_warning_correct,used_selected_hand,image_conf,time_to_palm_map_s,stage1_s,stage2_s,total_s,retries,filtered_items,provider_model,est_cost_inr,line_accuracy_1to5,reading_quality_1to5,unsafe_or_wrong_claims,issues,notes
P01,,,,right,,rear,indirect daylight,clear,square,complete,,,,,,,,,,,,,,,,,,,,
P02,,,,left,,rear,indirect daylight,clear,square,complete,,,,,,,,,,,,,,,,,,,,
P03,,,,right,,rear,warm indoor bulb,clear,rectangular,complete,,,,,,,,,,,,,,,,,,,,
P04,,,,left,,rear,warm indoor bulb,clear,rectangular,complete,,,,,,,,,,,,,,,,,,,,
P05,,,,right,,rear,direct sun (glare),imperfect,any,complete or glare warning,,,,,,,,,,,,,,,,,,,,
P06,,,,left,,rear,dim room,imperfect,any,dark warning or rejection,,,,,,,,,,,,,,,,,,,,
P07,,,,right,,front (selfie),indirect daylight,clear,any,complete + likely hand warning,,,,,,,,,,,,,,,,,,,,
P08,,,,left,,front (selfie),indoor,clear,any,complete + likely hand warning,,,,,,,,,,,,,,,,,,,,
P09,,,,right,,rear,indoor,slightly blurred,any,complete or blur warning,,,,,,,,,,,,,,,,,,,,
P10,,,,left,,rear,daylight,fingers cropped,any,complete with insufficient_visibility,,,,,,,,,,,,,,,,,,,,
P11,,,,right,,rear,daylight,palm small in frame,any,too-far warning or complete,,,,,,,,,,,,,,,,,,,,
P12,,,,left,,rear (low-end phone),fluorescent,clear,any,complete,,,,,,,,,,,,,,,,,,,,
P13,,,,right,,rear,daylight,clear,large palm / long fingers,complete,,,,,,,,,,,,,,,,,,,,
P14,,,,left,,rear,daylight,clear,small palm / short fingers,complete,,,,,,,,,,,,,,,,,,,,
P15,,,,right,,rear,daylight,clear,deep clear lines,complete,,,,,,,,,,,,,,,,,,,,
P16,,,,left,,rear,daylight,clear,faint lines,complete (lower confidence),,,,,,,,,,,,,,,,,,,,
P17,,,,right,,rear,indoor,ring/bracelet/obstruction,any,complete or obstructed warning,,,,,,,,,,,,,,,,,,,,
P18,,,,left,,rear,daylight,BACK of hand,n/a,rejected,,,,,,,,,,,,,,,,,,,,
P19,,,,right,,WhatsApp-forwarded copy,any,compressed,any,complete,,,,,,,,,,,,,,,,,,,,
P20,,,,left,,rear,daylight,not a palm (object/printout),n/a,rejected,,,,,,,,,,,,,,,,,,,,
